cdid,country,direction,basis,unit,adjustment,commodity,decimals
AUEV,estonia,exports,bop,cp,sa,,0
BOGG,ww,exports,bop,cp,sa,,0
BOGS,ww,exports,bop,cp,sa,,0
BOKG,ww,exports,bop,cp,sa,,0
BOKH,ww,imports,bop,cp,sa,,0
BOKI,ww,balance,bop,cp,sa,,0
BOKJ,ww,exports,bop,cp,nsa,,0
BOKL,ww,exports,bop,cp,nsa,,0
BOLA,ww,exports,bop,cvm,sa,,0
BOPL,ww,exports,bop,cp,sa,,0
BOPM,ww,exports,bop,cp,sa,,0
BOPN,ww,exports,bop,cp,sa,,0
BOPO,ww,exports,bop,cp,sa,,0
BOPP,ww,exports,bop,cp,sa,,0
BOQI,ww,exports,bop,cp,sa,,0
BOQL,ww,exports,bop,cp,sa,,0
BOQM,ww,exports,bop,tons,sa,,2
BOQN,ww,exports,bop,cp,sa,,0
BOVA,ww,exports,bop,idef,sa,,1
BOVB,ww,exports,bop,idef,sa,,1
BOVC,ww,exports,bop,idef,sa,,1
BOVD,ww,exports,bop,idef,sa,,1
BOVE,ww,exports,bop,idef,sa,,1
BOVF,ww,exports,bop,idef,sa,,1
BOVG,ww,exports,bop,idef,sa,,1
BOVH,ww,exports,bop,idef,sa,,1
BOVI,ww,exports,bop,idef,sa,,1
BOVQ,ww,exports,bop,idef,sa,,1
BOVS,ww,exports,bop,idef,sa,,0
BOVS,ww,exports,bop,idef,sa,,1
BOVT,ww,exports,bop,idef,sa,,1
BOVU,ww,exports,bop,idef,sa,,1
BOVV,ww,exports,bop,idef,sa,,1
BOVW,ww,exports,bop,idef,sa,,1
BOVX,ww,exports,bop,idef,sa,,1
BOXA,ww,exports,bop,cvm,sa,,0
BOXB,ww,exports,bop,cvm,sa,,0
BOXC,ww,exports,bop,cvm,sa,,0
BOXD,ww,exports,bop,cvm,sa,,0
BOXE,ww,exports,bop,cvm,sa,,0
BOXF,ww,exports,bop,cvm,sa,,0
BOXG,ww,exports,bop,cvm,sa,,0
BOXH,ww,exports,bop,cvm,sa,,0
BOXI,ww,exports,bop,cvm,sa,,0
BOXQ,ww,exports,bop,cvm,sa,,0
BOXS,ww,exports,bop,cvm,sa,,0
BOXT,ww,exports,bop,cvm,sa,,0
BOXV,ww,exports,bop,cvm,sa,,0
BOXX,ww,exports,bop,cvm,sa,,0
BPAL,ww,exports,bop,cp,sa,,0
BPAN,ww,exports,bop,cp,sa,,0
BPAO,ww,exports,bop,cp,sa,,0
BPAP,ww,balance,bop,cp,sa,,0
BPBI,ww,imports,bop,cp,sa,,0
BPBL,ww,exports,bop,cp,sa,,0
BPBM,ww,balance,bop,cp,sa,,0
BPBN,ww,exports,bop,av-value-per-ton,sa,,0
BPBV,ww,exports,bop,cvm,sa,,0
BPEJ,ww,exports,bop,cvm,sa,,0
BPFY,ww,exports,bop,cvm,sa,,0
BPGC,ww,imports,bop,idef,sa,,1
BPGG,ww,imports,bop,idef,sa,,0
BPGG,ww,imports,bop,idef,sa,,1
BPGH,ww,imports,bop,idef,sa,,1
BPGI,ww,imports,bop,idef,sa,,1
BPGQ,ww,imports,bop,idef,sa,,1
BPGT,ww,imports,bop,idef,sa,,1
BPGU,ww,imports,bop,idef,sa,,1
BPGV,ww,imports,bop,idef,sa,,1
BPGW,ww,imports,bop,idef,sa,,1
BPGX,ww,imports,bop,idef,sa,,1
BPIA,ww,imports,bop,cvm,sa,,0
BPIB,ww,imports,bop,cvm,sa,,0
BPIC,ww,imports,bop,cvm,sa,,0
BPID,ww,imports,bop,cvm,sa,,0
BPIE,ww,imports,bop,cvm,sa,,0
BPIF,ww,imports,bop,cvm,sa,,0
BPIG,ww,imports,bop,cvm,sa,,0
BPIH,ww,imports,bop,cvm,sa,,0
BPII,ww,imports,bop,cvm,sa,,0
BPIQ,ww,imports,bop,cvm,sa,,0
BPIS,ww,imports,bop,cvm,sa,,0
BPIT,ww,imports,bop,cvm,sa,,0
BPIV,ww,imports,bop,cvm,sa,,0
BPIX,ww,imports,bop,cvm,sa,,0
BQAN,ww,exports,bop,cvm,sa,,0
BQAO,ww,imports,bop,cp,nsa,,0
BQAQ,ww,imports,bop,cp,nsa,,0
BQAR,ww,imports,bop,cp,sa,,0
BQAS,ww,imports,bop,cp,sa,,0
BQAT,ww,imports,bop,cp,sa,,0
BQAU,ww,imports,bop,cp,sa,,0
BQAV,ww,imports,bop,cp,sa,,0
BQAW,ww,imports,bop,cp,sa,,0
BQAX,ww,imports,bop,av-value-per-ton,sa,,0
BQAY,ww,imports,bop,cp,sa,,0
BQBB,ww,imports,bop,cp,sa,,0
BQBD,ww,imports,bop,cp,sa,,0
BQBE,ww,imports,bop,cp,sa,,0
BQBG,ww,imports,bop,cp,sa,,0
BQBH,ww,imports,bop,tons,sa,,1
BQDD,ww,imports,bop,cvm,sa,,0
BQFT,ww,imports,bop,cvm,sa,,0
BQGJ,ww,imports,bop,cvm,sa,,0
BQGK,ww,imports,bop,cvm,sa,,0
BQGL,estonia,imports,bop,cp,sa,,0
BQGM,estonia,balance,bop,cp,sa,,0
BQGN,cyprus,exports,bop,cp,sa,,0
BQGO,cyprus,imports,bop,cp,sa,,0
BQGP,cyprus,balance,bop,cp,sa,,0
BQGQ,latvia,exports,bop,cp,sa,,0
BQGR,latvia,imports,bop,cp,sa,,0
BQGT,latvia,balance,bop,cp,sa,,0
BQGU,lithuania,exports,bop,cp,sa,,0
BQGV,lithuania,imports,bop,cp,sa,,0
BQGX,lithuania,balance,bop,cp,sa,,0
BQGY,malta,exports,bop,cp,sa,,0
BQGZ,malta,imports,bop,cp,sa,,0
BQHA,malta,balance,bop,cp,sa,,0
BQHB,slovakia,exports,bop,cp,sa,,0
BQHC,slovakia,imports,bop,cp,sa,,0
BQHD,slovakia,balance,bop,cp,sa,,0
BQHE,slovenia,exports,bop,cp,sa,,0
BQHN,slovenia,imports,bop,cp,sa,,0
BQHO,slovenia,balance,bop,cp,sa,,0
BQHQ,ww,imports,bop,cp,sa,,0
BQHS,ww,imports,bop,cvm,sa,,0
BQKH,ww,balance,bop,cp,sa,,0
BQKO,ww,imports,bop,cvm,sa,,0
BQKQ,ww,exports,bop,cvm,sa,,0
BQKW,ww,balance,bop,cp,sa,,0
BQKX,ww,balance,bop,cp,sa,,0
BQMQ,ww,exports,bop,cp,nsa,,0
BQMR,ww,imports,bop,cp,nsa,,0
BQMS,ww,exports,bop,cp,sa,,0
BQMT,ww,exports,bop,cp,sa,,0
BQMU,ww,exports,bop,cp,sa,,0
BQMV,ww,exports,bop,cp,nsa,,0
BQMW,ww,imports,bop,cp,nsa,,0
BQMX,ww,exports,bop,cp,nsa,,0
BQMZ,ww,exports,bop,cp,sa,,0
BQNA,ww,imports,bop,cp,nsa,,0
BQNB,ww,exports,bop,cp,sa,,0
BQND,ww,imports,bop,idef,nsa,,1
BQNE,ww,balance,bop,cp,nsa,,0
BQNF,ww,exports,bop,cp,nsa,,0
BQNG,ww,imports,bop,cp,nsa,,0
BQNH,ww,balance,bop,cp,nsa,,0
BQNI,ww,exports,bop,cp,sa,,0
BQNJ,ww,imports,bop,cp,sa,,0
BQOR,ww,balance,bop,cp,nsa,,0
BQOS,ww,balance,bop,cp,nsa,,0
BQOT,ww,balance,bop,cp,nsa,,0
BQOU,ww,balance,bop,cp,nsa,,0
BQOV,ww,balance,bop,cp,nsa,,0
BQOW,ww,exports,bop,cp,sa,,0
BQOX,ww,exports,bop,cp,sa,,0
BQOY,ww,exports,bop,cp,sa,,0
BQOZ,ww,exports,bop,cp,sa,,0
BQPA,ww,exports,bop,cp,sa,,0
BQPB,ww,exports,bop,cp,sa,,0
BQPI,ww,exports,bop,cp,sa,,0
BQPJ,ww,exports,bop,cp,sa,,0
BQPK,ww,exports,bop,cp,sa,,0
BQPL,ww,ex,bop,cp,sa,,0
BQQA,ww,exports,bop,cp,sa,,0
BQQB,ww,exports,bop,cp,sa,,0
BQQC,ww,exports,bop,cp,sa,,0
BQQD,ww,exports,bop,cp,sa,,0
BQQE,ww,exports,bop,cp,sa,,0
BQQF,ww,exports,bop,cp,sa,,0
BQQG,ww,exports,bop,cp,sa,,0
BQQH,ww,exports,bop,cp,sa,,0
BQQI,ww,exports,bop,cp,sa,,0
BQQJ,ww,exports,bop,cp,sa,,0
BQQK,ww,exports,bop,cp,sa,,0
BQQL,ww,exports,bop,cp,sa,,0
BQQM,ww,exports,bop,cp,sa,,0
BQQN,ww,exports,bop,cp,sa,,0
BQQO,ww,exports,bop,cp,sa,,0
BQQP,ww,exports,bop,cp,sa,,0
BQQQ,ww,exports,bop,cp,sa,,0
BQQR,ww,imports,bop,cp,sa,,0
BQQS,ww,imports,bop,cp,sa,,0
BQQT,ww,imports,bop,cp,sa,,0
BQQU,ww,imports,bop,cp,sa,,0
BQQV,ww,imports,bop,cp,sa,,0
BQQW,ww,imports,bop,cp,sa,,0
CHMY,austria,exports,bop,cp,sa,,0
CHMZ,finland,exports,bop,cp,sa,,0
CHNA,sweden,exports,bop,cp,sa,,0
CHNB,austria,imports,bop,cp,sa,,0
CHNC,finland,imports,bop,cp,sa,,0
CHND,sweden,imports,bop,cp,sa,,0
CHNE,netherlands,balance,bop,cp,sa,,0
CHNG,denmark,balance,bop,cp,sa,,0
CHNI,greece,balance,bop,cp,sa,,0
CHNJ,portugal,balance,bop,cp,sa,,0
CHNM,spain,balance,bop,cp,sa,,0
CHNO,italy,exports,bop,cp,sa,,0
CHNP,netherlands,exports,bop,cp,sa,,0
CHNR,denmark,exports,bop,cp,sa,,0
CHNT,greece,exports,bop,cp,sa,,0
CHNU,portugal,exports,bop,cp,sa,,0
CHNV,spain,exports,bop,cp,sa,,0
CHNW,italy,imports,bop,cp,sa,,0
CHNX,netherlands,imports,bop,cp,sa,,0
CHNZ,denmark,imports,bop,cp,sa,,0
CHOB,greece,imports,bop,cp,sa,,0
CHOC,portugal,imports,bop,cp,sa,,0
CHOD,spain,imports,bop,cp,sa,,0
CHOE,italy,balance,bop,cp,sa,,0
CHVG,austria,balance,bop,cp,sa,,0
CHVH,finland,balance,bop,cp,sa,,0
CHVI,sweden,balance,bop,cp,sa,,0
CPAV,ww,balance,bop,cp,sa,,0
CPLX,ww,exports,bop,cp,sa,,0
CPLY,ww,imports,bop,cp,sa,,0
CPLZ,ww,balance,bop,cp,sa,,0
CQER,ww,balance,bop,cp,sa,,0
CRAB,ww,balance,bop,cp,sa,,0
CRAH,ww,balance,bop,cp,sa,,0
CSCA,ww,balance,bop,cp,sa,,0
CSCE,ww,exports,bop,cp,sa,,0
CSCF,ww,exports,bop,cp,sa,,0
CSCG,ww,exports,bop,cp,sa,,0
CSCN,ww,exports,bop,cp,sa,,0
CSCP,ww,exports,bop,cp,sa,,0
CSCR,ww,imports,bop,cp,sa,,0
CSCS,ww,imports,bop,cp,sa,,0
CSCV,ww,imports,bop,cp,sa,,0
CSDR,ww,imports,bop,cp,sa,,0
CSDS,ww,imports,bop,cp,sa,,0
CTSL,ww,terms-of-trade,bop,idef,sa,,1
CTUZ,eu,balance,bop,cp,sa,,0
CTVA,eu,balance,bop,cp,sa,,0
CTVB,eu,balance,bop,cp,sa,,0
CTVC,eu,balance,bop,cp,sa,,0
CTVD,eu,balance,bop,cp,sa,,0
CTVE,eu,balance,bop,cp,sa,,0
CTVF,eu,balance,bop,cp,sa,,0
CTVG,eu,balance,bop,cp,sa,,0
CTVH,non-eu,balance,bop,cp,sa,,0
CTVI,non-eu,balance,bop,cp,sa,,0
CTVJ,non-eu,balance,bop,cp,sa,,0
CTVK,non-eu,balance,bop,cp,sa,,0
CTVL,non-eu,balance,bop,cp,sa,,0
CTVM,non-eu,balance,bop,cp,sa,,0
CTVN,non-eu,balance,bop,cp,sa,,0
CTVO,non-eu,balance,bop,cp,sa,,0
CTVP,ww,exports,bop,cp,sa,,0
CTVQ,ww,imports,bop,cp,sa,,0
CTVR,ww,balance,bop,cp,sa,,0
CTVS,ww,balance,bop,cvm,sa,,0
CTVT,eu,balance,bop,cvm,sa,,0
CTVU,non-eu,balance,bop,cvm,sa,,0
CTVV,ww,balance,bop,cvm,sa,,0
CTVW,ww,balance,bop,cvm,sa,,0
CTVX,ww,balance,bop,cvm,sa,,0
CTVY,ww,balance,bop,cvm,sa,,0
CTVZ,ww,balance,bop,cvm,sa,,0
CTWA,ww,balance,bop,cvm,sa,,0
CTWB,ww,balance,bop,cvm,sa,,0
CTWC,ww,balance,bop,cvm,sa,,0
CTWD,ww,balance,bop,cvm,sa,,0
CTWE,ww,balance,bop,cvm,sa,,0
CTWG,ww,exports,bop,idef,sa,,1
CTWH,ww,imports,bop,idef,sa,,1
CTWJ,ww,exports,bop,idef,sa,,1
CTWK,ww,imports,bop,idef,sa,,1
CTWN,eu,exports,bop,idef,sa,,1
CTWO,eu,imports,bop,idef,sa,,1
CTWR,eu,exports,bop,idef,sa,,1
CTWS,eu,imports,bop,idef,sa,,1
CTWT,eu,imports,bop,idef,sa,,1
CTWU,eu,exports,bop,idef,sa,,1
CTWX,eu,exports,bop,idef,sa,,1
CTWY,eu,imports,bop,idef,sa,,1
CTXB,eu,exports,bop,idef,sa,,1
CTXC,eu,imports,bop,idef,sa,,1
CTXF,eu,exports,bop,idef,sa,,1
CTXG,eu,imports,bop,idef,sa,,1
CTXH,eu,imports,bop,idef,sa,,1
CTXI,eu,exports,bop,idef,sa,,1
CTXL,non-eu,exports,bop,idef,sa,,1
CTXM,non-eu,imports,bop,idef,sa,,1
CTXO,non-eu,exports,bop,idef,sa,,1
CTXP,non-eu,imports,bop,idef,sa,,1
CTXS,eu,balance,bop,cvm,sa,,0
CTXT,eu,balance,bop,cvm,sa,,0
CTXU,eu,balance,bop,cvm,sa,,0
CTXV,eu,balance,bop,cvm,sa,,0
CTXW,eu,balance,bop,cvm,sa,,0
CTXX,eu,balance,bop,cvm,sa,,0
CTXY,eu,balance,bop,cvm,sa,,0
CTXZ,eu,balance,bop,cvm,sa,,0
CTYA,eu,balance,bop,cvm,sa,,0
CTYB,eu,balance,bop,cvm,sa,,0
CTYD,non-eu,balance,bop,cvm,sa,,0
CTYE,non-eu,balance,bop,cvm,sa,,0
CTYG,non-eu,balance,bop,cvm,sa,,0
CTYH,non-eu,balance,bop,cvm,sa,,0
CTYI,non-eu,balance,bop,cvm,sa,,0
CTYJ,non-eu,balance,bop,cvm,sa,,0
CTYK,non-eu,balance,bop,cvm,sa,,0
CTYL,non-eu,balance,bop,cvm,sa,,0
CTYM,non-eu,balance,bop,cvm,sa,,0
CTYN,non-eu,balance,bop,cvm,sa,,0
CTYO,non-eu,exports,bop,idef,sa,,1
CTYP,non-eu,imports,bop,idef,sa,,1
CTYS,non-eu,exports,bop,idef,sa,,1
CTYT,non-eu,imports,bop,idef,sa,,1
CTYW,non-eu,exports,bop,idef,sa,,1
CTYX,non-eu,imports,bop,idef,sa,,1
CTZA,non-eu,exports,bop,idef,sa,,1
CTZB,non-eu,imports,bop,idef,sa,,1
CTZD,non-eu,exports,bop,idef,sa,,1
CTZE,non-eu,imports,bop,idef,sa,,1
E2XQ,croatia,exports,bop,cp,sa,,0
E4ZN,croatia,imports,bop,cp,sa,,0
E5GB,croatia,balance,bop,cp,sa,,0
EDHK,ww,exports,bop,idef,sa,,1
EDHL,ww,imports,bop,idef,sa,,1
EDHM,ww,exports,bop,idef,sa,,1
EDHN,ww,imports,bop,idef,sa,,1
EDHO,ww,imports,bop,idef,sa,,1
EDHP,ww,exports,bop,idef,sa,,1
EDHS,ww,exports,bop,idef,sa,,1
EDHT,ww,imports,bop,idef,sa,,1
EDHW,ww,exports,bop,idef,sa,,1
EDHX,ww,imports,bop,idef,sa,,1
EDHY,ww,exports,bop,idef,sa,,1
EDHZ,ww,imports,bop,idef,sa,,1
EDIA,ww,imports,bop,idef,sa,,1
EDIB,ww,exports,bop,idef,sa,,1
EGAT,ww,imports,bop,cp,sa,,0
EHAA,ww,imports,bop,cp,sa,,0
EHAB,ww,imports,bop,cp,sa,,0
EHAC,ww,imports,bop,cp,sa,,0
EHAE,ww,imports,bop,cp,sa,,0
EHAF,ww,im,bop,cp,sa,,0
EHAG,ww,imports,bop,cp,sa,,0
EHAH,ww,imports,bop,cp,sa,,0
EHAI,ww,imports,bop,cp,sa,,0
EHAJ,ww,imports,bop,cp,sa,,0
EHAK,ww,imports,bop,cp,sa,,0
EHAL,ww,imports,bop,cp,sa,,0
EHAM,ww,imports,bop,cp,sa,,0
EHAN,ww,imports,bop,cp,sa,,0
EHAO,ww,imports,bop,cp,sa,,0
EHAP,ww,imports,bop,cp,sa,,0
EHAQ,ww,imports,bop,cp,sa,,0
EHAR,ww,imports,bop,cp,sa,,0
EHAS,ww,imports,bop,cp,sa,,0
EHAT,ww,imports,bop,cp,sa,,0
EHAU,ww,imports,bop,cp,sa,,0
EHAV,ww,imports,bop,cp,sa,,0
EHAW,ww,imports,bop,cp,sa,,0
EHAX,ww,balance,bop,cp,sa,,0
EHAY,ww,balance,bop,cp,sa,,0
EHAZ,ww,balance,bop,cp,sa,,0
EHBA,ww,balance,bop,cp,sa,,0
EHBB,ww,balance,bop,cp,sa,,0
EHBC,ww,balance,bop,cp,sa,,0
EHBD,ww,balance,bop,cp,sa,,0
EHBE,ww,balance,bop,cp,sa,,0
EHBF,ww,balance,bop,cp,sa,,0
EHBG,ww,balance,bop,cp,sa,,0
EHBH,ww,balance,bop,cp,sa,,0
EHBI,ww,balance,bop,cp,sa,,0
EHBJ,ww,balance,bop,cp,sa,,0
EHBK,ww,balance,bop,cp,sa,,0
EHBL,ww,balance,bop,cp,sa,,0
EHBM,ww,balance,bop,cp,sa,,0
EHBN,ww,bal,bop,cp,sa,,0
EHBO,ww,balance,bop,cp,sa,,0
EHBP,ww,balance,bop,cp,sa,,0
EHBQ,ww,balance,bop,cp,sa,,0
EHBR,ww,balance,bop,cp,sa,,0
EHBS,ww,balance,bop,cp,sa,,0
EHBT,ww,balance,bop,cp,sa,,0
EHBU,ww,balance,bop,cp,sa,,0
EHBV,ww,balance,bop,cp,sa,,0
EHBW,ww,balance,bop,cp,sa,,0
EHBX,ww,balance,bop,cp,sa,,0
EHBY,ww,balance,bop,cp,sa,,0
EHBZ,ww,balance,bop,cp,sa,,0
EHCA,ww,balance,bop,cp,sa,,0
EHCB,ww,balance,bop,cp,sa,,0
EHCC,ww,balance,bop,cp,sa,,0
EHCD,ww,balance,bop,cp,sa,,0
EHCE,ww,balance,bop,cp,sa,,0
ELBD,ww,imports,bop,cvm,sa,,0
ELBE,ww,balance,bop,cp,sa,,0
ELBF,ww,balance,bop,cp,sa,,0
ELBG,ww,balance,bop,cp,sa,,0
ELBH,ww,balance,bop,cp,sa,,0
ELBI,ww,balance,bop,cp,sa,,0
ELBJ,ww,balance,bop,cp,sa,,0
ELBL,ww,exports,bop,cp,sa,,0
ELBM,ww,exports,bop,cp,sa,,0
EMAI,ww,imports,bop,cp,sa,,0
ENDG,ww,exports,bop,cp,sa,,0
ENDH,ww,exports,bop,cp,sa,,0
ENDJ,ww,exports,bop,cp,sa,,0
ENDK,ww,exports,bop,cp,sa,,0
ENDL,ww,exports,bop,cp,sa,,0
ENDM,ww,exports,bop,cp,sa,,0
ENDN,ww,ex,bop,cp,sa,,0
ENDW,ww,exports,bop,cvm,sa,,0
ENDX,ww,exports,bop,cvm,sa,,0
ENDY,ww,exports,bop,cvm,sa,,0
ENDZ,ww,exports,bop,cvm,sa,,0
ENEG,ww,exports,bop,cvm,sa,,0
ENEH,ww,exports,bop,cvm,sa,,0
ENEI,ww,exports,bop,cvm,sa,,0
ENEJ,ww,exports,bop,cvm,sa,,0
ENFC,ww,exports,bop,idef,sa,,1
ENFD,ww,exports,bop,idef,sa,,1
ENFE,ww,exports,bop,idef,sa,,1
ENFF,ww,exports,bop,idef,sa,,1
ENFG,ww,exports,bop,idef,sa,,1
ENFH,ww,exports,bop,idef,sa,,0
ENFH,ww,exports,bop,idef,sa,,1
ENFI,ww,exports,bop,idef,sa,,1
ENFJ,ww,exports,bop,idef,sa,,1
ENGA,ww,imports,bop,cp,sa,,0
ENGB,ww,imports,bop,cp,sa,,0
ENGD,ww,imports,bop,cp,sa,,0
ENGE,ww,imports,bop,cp,sa,,0
ENGF,ww,imports,bop,cp,sa,,0
ENGG,ww,imports,bop,cp,sa,,0
ENGH,ww,im,bop,cp,sa,,0
ENGQ,ww,imports,bop,cvm,sa,,0
ENGR,ww,imports,bop,cvm,sa,,0
ENGS,ww,imports,bop,cvm,sa,,0
ENGT,ww,imports,bop,cvm,sa,,0
ENGU,ww,imports,bop,cvm,sa,,0
ENGV,ww,imports,bop,cvm,sa,,0
ENGW,ww,imports,bop,cvm,sa,,0
ENGX,ww,imports,bop,cvm,sa,,0
ENHW,ww,imports,bop,idef,sa,,1
ENHX,ww,imports,bop,idef,sa,,1
ENHY,ww,imports,bop,idef,sa,,1
ENHZ,ww,imports,bop,idef,sa,,1
ENIA,ww,imports,bop,idef,sa,,1
ENIB,ww,imports,bop,idef,sa,,1
ENIC,ww,imports,bop,idef,sa,,1
ENID,ww,imports,bop,idef,sa,,1
ENIW,ww,balance,bop,cp,sa,,0
ENIX,ww,balance,bop,cp,sa,,0
ENIY,ww,balance,bop,cp,sa,,0
ENJA,ww,balance,bop,cp,sa,,0
ENJB,ww,balance,bop,cp,sa,,0
ENJC,ww,balance,bop,cp,sa,,0
ENJD,ww,balance,bop,cp,sa,,0
ENJE,ww,balance,bop,cp,sa,,0
ENVB,ww,imports,bop,cp,sa,,0
ENVC,ww,imports,bop,cp,sa,,0
ENXO,ww,imports,bop,cp,sa,,0
ENXP,ww,imports,bop,cp,sa,,0
ENXQ,ww,balance,bop,cp,sa,,0
EOBA,turkey,exports,bop,cp,sa,,0
EOBU,turkey,imports,bop,cp,sa,,0
EOCO,turkey,balance,bop,cp,sa,,0
EPJX,mexico,exports,bop,cp,sa,,0
EPJY,mexico,imports,bop,cp,sa,,0
EPJZ,mexico,balance,bop,cp,sa,,0
EPLV,switzerland,exports,bop,cp,sa,,0
EPLW,iceland,exports,bop,cp,sa,,0
EPLX,norway,exports,bop,cp,sa,,0
EPMA,australia,exports,bop,cp,sa,,0
EPMB,new-zealand,exports,bop,cp,sa,,0
EPME,south-africa,exports,bop,cp,sa,,0
EPMV,switzerland,imports,bop,cp,sa,,0
EPMW,iceland,imports,bop,cp,sa,,0
EPMX,norway,imports,bop,cp,sa,,0
EPNA,australia,imports,bop,cp,sa,,0
EPNB,new-zealand,imports,bop,cp,sa,,0
EPNE,south-africa,imports,bop,cp,sa,,0
EPNV,switzerland,balance,bop,cp,sa,,0
EPNW,iceland,balance,bop,cp,sa,,0
EPNX,norway,balance,bop,cp,sa,,0
EPOA,australia,balance,bop,cp,sa,,0
EPOB,new-zealand,balance,bop,cp,sa,,0
EPOE,south-africa,balance,bop,cp,sa,,0
EQAH,ww,imports,bop,cp,sa,,0
EQAP,ww,imports,bop,cp,sa,,0
ERDG,hong-kong,exports,bop,cp,sa,,0
ERDH,singapore,exports,bop,cp,sa,,0
ERDI,saudi-arabia,exports,bop,cp,sa,,0
ERDJ,india,exports,bop,cp,sa,,0
ERDK,malaysia,exports,bop,cp,sa,,0
ERDL,israel,exports,bop,cp,sa,,0
ERDM,south-korea,exports,bop,cp,sa,,0
ERDO,thailand,exports,bop,cp,sa,,0
ERDP,taiwan,exports,bop,cp,sa,,0
ERDQ,russia,exports,bop,cp,sa,,0
ERDR,poland,exports,bop,cp,sa,,0
ERDS,hong-kong,imports,bop,cp,sa,,0
ERDT,singapore,imports,bop,cp,sa,,0
ERDU,saudi-arabia,imports,bop,cp,sa,,0
ERDV,india,imports,bop,cp,sa,,0
ERDW,malaysia,imports,bop,cp,sa,,0
ERDX,israel,imports,bop,cp,sa,,0
ERDY,south-korea,imports,bop,cp,sa,,0
EREA,thailand,imports,bop,cp,sa,,0
EREB,taiwan,imports,bop,cp,sa,,0
EREC,russia,imports,bop,cp,sa,,0
ERED,poland,imports,bop,cp,sa,,0
EREE,hong-kong,balance,bop,cp,sa,,0
EREF,singapore,balance,bop,cp,sa,,0
EREG,saudi-arabia,balance,bop,cp,sa,,0
EREH,india,balance,bop,cp,sa,,0
EREI,malaysia,balance,bop,cp,sa,,0
EREJ,israel,balance,bop,cp,sa,,0
EREK,south-korea,balance,bop,cp,sa,,0
EREM,thailand,balance,bop,cp,sa,,0
EREN,taiwan,balance,bop,cp,sa,,0
EREO,russia,balance,bop,cp,sa,,0
EREP,poland,balance,bop,cp,sa,,0
FKML,czech-republic,exports,bop,cp,sa,,0
FKMM,czech-republic,imports,bop,cp,sa,,0
FKMN,czech-republic,balance,bop,cp,sa,,0
FKMO,brazil,exports,bop,cp,sa,,0
FKMP,brazil,imports,bop,cp,sa,,0
FKMQ,brazil,balance,bop,cp,sa,,0
FKMR,indonesia,exports,bop,cp,sa,,0
FKMS,indonesia,imports,bop,cp,sa,,0
FKMT,indonesia,balance,bop,cp,sa,,0
FKMU,pakistan,exports,bop,cp,sa,,0
FKMV,pakistan,imports,bop,cp,sa,,0
FKMW,pakistan,balance,bop,cp,sa,,0
FKMX,philippines,exports,bop,cp,sa,,0
FKMY,philippines,imports,bop,cp,sa,,0
FKMZ,philippines,balance,bop,cp,sa,,0
FSA2,ww,exports,bop,cp,sa,,0
FSA3,ww,imports,bop,cp,sa,,0
FSA4,ww,balance,bop,cp,sa,,0
FSB3,ww,exports,bop,cp,sa,,0
FSB4,ww,imports,bop,cp,sa,,0
FSB5,ww,balance,bop,cp,sa,,0
FSIC,ww,balance,bop,cp,sa,,0
FSID,ww,balance,bop,cp,sa,,0
FSIE,ww,balance,bop,cp,sa,,0
FSIF,ww,imports,bop,cp,sa,,0
FSIG,ww-ttlesspm,imports,bop,cp,sa,,0
FSIH,ww,imports,bop,cp,sa,,0
FSII,ww,exports,bop,cp,sa,,0
FSIJ,ww-ttlesspm,exports,bop,cp,sa,,0
FSIK,ww,exports,bop,cp,sa,,0
FSJ4,eu,imports,bop,cp,sa,,0
FSJ6,eu,exports,bop,cp,sa,,0
FSJ7,eu,balance,bop,cp,sa,,0
FSJ8,non-eu,imports,bop,cp,sa,,0
FSJ9,non-eu,exports,bop,cp,sa,,0
FSK2,non-eu,balance,bop,cp,sa,,0
IKBB,ww,exports,bop,cp,sa,,0
IKBC,ww,imports,bop,cp,sa,,0
IKBD,ww,balance,bop,cp,sa,,0
IKBE,ww,exports,bop,cvm,sa,,1
IKBF,ww,imports,bop,cvm,sa,,1
IKBG,ww,balance,bop,cvm,sa,,1
IKBH,ww,exports,bop,cp,sa,,0
IKBI,ww,imports,bop,cp,sa,,0
IKBJ,ww,balance,bop,cp,sa,,0
IKBK,ww,exports,bop,cvm,sa,,1
IKBL,ww,imports,bop,cvm,sa,,1
IKBM,ww,balance,bop,cvm,sa,,1
J8YG,united-arab-emirates,balance,bop,cp,sa,,0
J8YH,united-arab-emirates,exports,bop,cp,sa,,0
J8YI,united-arab-emirates,imports,bop,cp,sa,,0
J9C4,united-states-inc-puerto-rico,balance,bop,cp,sa,,0
J9C5,united-states-inc-puerto-rico,exports,bop,cp,sa,,0
J9C6,united-states-inc-puerto-rico,imports,bop,cp,sa,,0
JYVJ,eu,exports,bop,cvm,sa,,0
JYVW,eu,imports,bop,cvm,sa,,0
JYWJ,non-eu,exports,bop,cvm,sa,,0
JYYZ,non-eu,imports,bop,cvm,sa,,0
JYZM,eu,exports,bop,cvm,sa,,0
JYZZ,eu,imports,bop,cvm,sa,,0
JZBM,non-eu,exports,bop,cvm,sa,,0
JZEC,non-eu,imports,bop,cvm,sa,,0
JZEP,eu,exports,bop,cvm,sa,,0
JZFC,eu,imports,bop,cvm,sa,,0
JZFP,non-eu,exports,bop,cvm,sa,,0
JZIF,non-eu,imports,bop,cvm,sa,,0
JZIY,eu,exports,bop,cvm,sa,,0
JZKA,eu,imports,bop,cvm,sa,,0
JZMR,non-eu,exports,bop,cvm,sa,,0
JZNE,non-eu,imports,bop,cvm,sa,,0
JZNR,eu,exports,bop,cvm,sa,,0
JZOE,eu,imports,bop,cvm,sa,,0
JZOR,non-eu,exports,bop,cvm,sa,,0
JZPE,non-eu,imports,bop,cvm,sa,,0
JZPR,eu,exports,bop,cvm,sa,,0
JZQE,eu,imports,bop,cvm,sa,,0
JZQR,non-eu,exports,bop,cvm,sa,,0
JZRE,non-eu,imports,bop,cvm,sa,,0
JZRR,eu,exports,bop,cvm,sa,,0
JZSE,eu,imports,bop,cvm,sa,,0
JZSR,non-eu,exports,bop,cvm,sa,,0
JZTE,non-eu,imports,bop,cvm,sa,,0
JZTR,eu,exports,bop,cvm,sa,,0
JZUE,eu,imports,bop,cvm,sa,,0
JZUR,non-eu,exports,bop,cvm,sa,,0
JZVE,non-eu,imports,bop,cvm,sa,,0
JZVR,eu,exports,bop,cvm,sa,,0
JZWE,eu,imports,bop,cvm,sa,,0
JZWR,non-eu,exports,bop,cvm,sa,,0
JZXE,non-eu,imports,bop,cvm,sa,,0
JZXS,eu,exports,bop,cvm,sa,,0
JZYF,eu,imports,bop,cvm,sa,,0
JZYS,non-eu,exports,bop,cvm,sa,,0
L87K,non-eu,balance,bop,cp,sa,,0
L87M,non-eu,exports,bop,cp,sa,,0
L87O,non-eu,imports,bop,cp,sa,,0
L87Q,eu,balance,bop,cp,sa,,0
L87S,eu,exports,bop,cp,sa,,0
L87U,eu,imports,bop,cp,sa,,0
LGBW,non-eu,imports,bop,cvm,sa,,0
LGCN,eu,exports,bop,cvm,sa,,0
LGDF,eu,imports,bop,cvm,sa,,0
LGEB,non-eu,exports,bop,cvm,sa,,0
LGEU,non-eu,imports,bop,cvm,sa,,0
LGFM,eu,exports,bop,cvm,sa,,0
LGFZ,eu,imports,bop,cvm,sa,,0
LGGM,non-eu,exports,bop,cvm,sa,,0
LGGZ,non-eu,imports,bop,cvm,sa,,0
LGHM,eu,exports,bop,cvm,sa,,0
LJDN,eu,imports,bop,cvm,sa,,0
LJVG,non-eu,exports,bop,cvm,sa,,0
LKBY,non-eu,imports,bop,cvm,sa,,0
LKTY,eu,balance,bop,cp,sa,,0
LKUA,eu,exports,bop,idef,sa,,1
LKUC,eu,exports,bop,cp,sa,,0
LKUF,eu,exports,bop,cvm,sa,,0
LKUS,eu,imports,bop,idef,sa,,1
LKUU,eu,imports,bop,cp,sa,,0
LKUX,eu,imports,bop,cvm,sa,,0
LKVL,non-eu,balance,bop,cp,sa,,0
LKVN,non-eu,exports,bop,idef,sa,,1
LKVQ,non-eu,exports,bop,cp,sa,,0
LKVT,non-eu,exports,bop,cvm,sa,,0
LKWG,non-eu,imports,bop,idef,sa,,1
LKWJ,non-eu,imports,bop,cp,sa,,0
LKWM,non-eu,imports,bop,cvm,sa,,0
LKYH,eu,exports,bop,cvm,sa,,0
LMKQ,eu,imports,bop,cvm,sa,,0
LNJR,non-eu,exports,bop,cvm,sa,,0
LNOO,non-eu,imports,bop,cvm,sa,,0
LNPB,eu,exports,bop,cvm,sa,,0
LOBA,eu,imports,bop,cvm,sa,,0
LOBN,non-eu,exports,bop,cvm,sa,,0
LOBY,non-eu,imports,bop,cvm,sa,,0
LQAD,ww,exports,bop,cp,nsa,,0
LQBL,ww,imports,bop,cp,nsa,,0
LQCT,ww,balance,bop,cp,nsa,,0
MBBK,eu,exports,bop,cvm,sa,,0
MBBX,eu,imports,bop,cvm,sa,,0
MBCK,non-eu,exports,bop,cvm,sa,,0
MBCX,non-eu,imports,bop,cvm,sa,,0
MBDM,eu,exports,bop,cvm,sa,,0
MBDZ,eu,imports,bop,cvm,sa,,0
MBGV,non-eu,exports,bop,cvm,sa,,0
MBHI,non-eu,imports,bop,cvm,sa,,0
N3C4,emu-19,balance,bop,cp,sa,,0
N3C5,emu-19,exports,bop,cp,sa,,0
N3C6,emu-19,imports,bop,cp,sa,,0
OCCP,ww,exports,bop,cvm,sa,,0
OCCY,ww,exports,bop,cvm,sa,,0
ODUM,ww,exports,bop,cvm,sa,,0
ODUS,ww,exports,bop,cvm,sa,,0
OEAF,ww,exports,bop,cvm,sa,,0
OEAL,ww,exports,bop,cvm,sa,,0
OEAY,ww,exports,bop,cvm,sa,,0
OEBB,ww,exports,bop,cvm,sa,,0
OEBC,ww,exports,bop,cvm,sa,,0
OEBD,ww,exports,bop,cvm,sa,,0
OEDZ,ww,exports,bop,cvm,sa,,0
OEEV,ww,exports,bop,cvm,sa,,0
OEEW,ww,exports,bop,cvm,sa,,0
OEEX,ww,exports,bop,cvm,sa,,0
OEPN,ww,exports,bop,cvm,sa,,0
OEPO,ww,exports,bop,cvm,sa,,0
OEPP,ww,exports,bop,cvm,sa,,0
OEPQ,ww,exports,bop,cvm,sa,,0
OEPR,ww,exports,bop,cvm,sa,,0
OEPS,ww,exports,bop,cvm,sa,,0
OEQA,ww,exports,bop,cvm,sa,,0
OEQV,ww,exports,bop,cvm,sa,,0
OFNN,ww,imports,bop,cvm,nsa,,0
OGLF,ww,exports,bop,cvm,sa,,0
OGRL,ww,exports,bop,cvm,sa,,0
OGRM,ww,exports,bop,cvm,sa,,0
OGRN,ww,exports,bop,cvm,sa,,0
OGRO,ww,exports,bop,cvm,sa,,0
OGRP,ww,exports,bop,cvm,sa,,0
OGRQ,ww,exports,bop,cvm,sa,,0
OGSC,ww,exports,bop,cvm,sa,,0
OGSD,ww,exports,bop,cvm,sa,,0
OGSE,ww,exports,bop,cvm,sa,,0
OGSF,ww,exports,bop,cvm,sa,,0
OGSG,ww,exports,bop,cvm,sa,,0
OGSH,ww,imports,bop,cvm,sa,,0
OGSI,ww,imports,bop,cvm,sa,,0
OGSJ,ww,imports,bop,cvm,sa,,0
OGSK,ww,imports,bop,cvm,sa,,0
OGSL,ww,imports,bop,cvm,sa,,0
OGSM,ww,imports,bop,cvm,sa,,0
OGSN,ww,imports,bop,cvm,sa,,0
OGSO,ww,imports,bop,cvm,sa,,0
OGSP,ww,imports,bop,cvm,sa,,0
OGSQ,ww,imports,bop,cvm,sa,,0
OGSR,ww,imports,bop,cvm,sa,,0
OGSS,ww,imports,bop,cvm,sa,,0
OGST,ww,imports,bop,cvm,sa,,0
OGSU,ww,imports,bop,cvm,sa,,0
OGSV,ww,imports,bop,cvm,sa,,0
OGSW,ww,imports,bop,cvm,sa,,0
OGSX,ww,imports,bop,cvm,sa,,0
OGSY,ww,imports,bop,cvm,sa,,0
OGSZ,ww,imports,bop,cvm,sa,,0
OGTA,ww,imports,bop,cvm,sa,,0
OGTB,ww,imports,bop,cvm,sa,,0
OGTC,ww,imports,bop,cvm,sa,,0
OGTD,ww,imports,bop,cvm,sa,,0
OGTE,ww,imports,bop,cvm,sa,,0
OGTF,ww,imports,bop,cvm,sa,,0
OGTG,ww,imports,bop,cvm,sa,,0
OGTH,ww,imports,bop,cvm,sa,,0
OGTI,ww,imports,bop,cvm,sa,,0
OGTJ,ww,imports,bop,cvm,sa,,0
OGTK,ww,imports,bop,cvm,sa,,0
OGTL,ww,imports,bop,cvm,sa,,0
OGTM,ww,imports,bop,cvm,sa,,0
OGTN,ww,imports,bop,cvm,sa,,0
OGTO,ww,imports,bop,cvm,sa,,0
OKPU,ww,exports,bop,cvm,sa,,0
OKPV,ww,exports,bop,cvm,sa,,0
OKPW,ww,exports,bop,cvm,sa,,0
OKPX,ww,exports,bop,cvm,sa,,0
OKPY,ww,exports,bop,cvm,sa,,0
OKPZ,ww,exports,bop,cvm,sa,,0
OKQA,ww,exports,bop,cvm,sa,,0
OKQB,ww,exports,bop,cvm,sa,,0
OKQC,ww,exports,bop,cvm,sa,,0
OKQD,ww,exports,bop,cvm,sa,,0
OKQE,ww,exports,bop,cvm,sa,,0
OKQF,ww,exports,bop,cvm,sa,,0
OKQG,ww,exports,bop,cvm,sa,,0
OKQH,ww,exports,bop,cvm,sa,,0
OKQJ,ww,exports,bop,cvm,sa,,0
OKQL,ww,exports,bop,cvm,sa,,0
OKQM,ww,exports,bop,cvm,sa,,0
OKQN,ww,exports,bop,cvm,sa,,0
OKQO,ww,exports,bop,cvm,sa,,0
OKQP,ww,exports,bop,cvm,sa,,0
OKQQ,ww,exports,bop,cvm,sa,,0
OKQT,ww,exports,bop,cvm,sa,,0
OKQU,ww,exports,bop,cvm,sa,,0
OKQV,ww,exports,bop,cvm,sa,,0
OKQW,ww,exports,bop,cvm,sa,,0
OKQX,ww,exports,bop,cvm,sa,,0
OKQY,ww,exports,bop,cvm,sa,,0
OKQZ,ww,exports,bop,cvm,sa,,0
OKRA,ww,exports,bop,cvm,sa,,0
OKRB,ww,exports,bop,cvm,sa,,0
OKRC,ww,exports,bop,cvm,sa,,0
OKRD,ww,exports,bop,cvm,sa,,0
OKRE,ww,exports,bop,cvm,sa,,0
OKRF,ww,exports,bop,cvm,sa,,0
OKRG,ww,imports,bop,cvm,sa,,0
OKRH,ww,imports,bop,cvm,sa,,0
OKRI,ww,imports,bop,cvm,sa,,0
OKRJ,ww,imports,bop,cvm,sa,,0
OKRK,ww,imports,bop,cvm,sa,,0
OKRL,ww,imports,bop,cvm,sa,,0
OKRM,ww,imports,bop,cvm,sa,,0
OKRN,ww,imports,bop,cvm,sa,,0
OKRO,ww,imports,bop,cvm,sa,,0
OKRP,ww,imports,bop,cvm,sa,,0
OKRQ,ww,imports,bop,cvm,sa,,0
OKRR,ww,imports,bop,cvm,sa,,0
OKRS,ww,imports,bop,cvm,sa,,0
OKRT,ww,imports,bop,cvm,sa,,0
OKRV,ww,imports,bop,cvm,sa,,0
OKRX,ww,imports,bop,cvm,sa,,0
OKRY,ww,imports,bop,cvm,sa,,0
OKRZ,ww,imports,bop,cvm,sa,,0
OKSA,ww,imports,bop,cvm,sa,,0
OKSB,ww,imports,bop,cvm,sa,,0
OKSC,ww,imports,bop,cvm,sa,,0
OKSF,ww,imports,bop,cvm,sa,,0
OKSG,ww,imports,bop,cvm,sa,,0
OKSH,ww,imports,bop,cvm,sa,,0
OKSI,ww,imports,bop,cvm,sa,,0
OKSJ,ww,imports,bop,cvm,sa,,0
OKSK,ww,imports,bop,cvm,sa,,0
OKSL,ww,imports,bop,cvm,sa,,0
OKSM,ww,imports,bop,cvm,sa,,0
OKSN,ww,imports,bop,cvm,sa,,0
OKSO,ww,imports,bop,cvm,sa,,0
OKSP,ww,imports,bop,cvm,sa,,0
OKSR,ww,imports,bop,cvm,sa,,0
OKSS,ww,imports,bop,cvm,sa,,0
OMSE,ww,exports,bop,cvm,sa,,0
OMSF,ww,imports,bop,cvm,sa,,0
OMSG,ww,exports,bop,cvm,sa,,0
OMSH,ww,imports,bop,cvm,sa,,0
OMUB,ww,imports,bop,idef,sa,,1
QALC,hungary,exports,bop,cp,sa,,0
QALD,hungary,imports,bop,cp,sa,,0
QALE,hungary,balance,bop,cp,sa,,0
QALL,egypt,exports,bop,cp,sa,,0
QALM,egypt,imports,bop,cp,sa,,0
QALN,egypt,balance,bop,cp,sa,,0
QALU,ww,exports,bop,cp,sa,,0
QALV,ww,imports,bop,cp,sa,,0
QALW,ww,balance,bop,cp,sa,,0
QALX,ww,exports,bop,cp,sa,,0
QALY,ww,imports,bop,cp,sa,,0
QALZ,ww,balance,bop,cp,sa,,0
QATB,kuwait,exports,bop,cp,sa,,0
QATC,kuwait,imports,bop,cp,sa,,0
QATD,kuwait,balance,bop,cp,sa,,0
SDAU,eu,exports,bop,cvm,sa,,0
SDBI,eu,imports,bop,cvm,sa,,0
SDBV,non-eu,exports,bop,cvm,sa,,0
SDCI,non-eu,imports,bop,cvm,sa,,0
SDCR,eu,balance,bop,cp,sa,,0
SDCT,eu,exports,bop,idef,sa,,1
SDCV,eu,exports,bop,cp,sa,,0
SDCY,eu,exports,bop,cvm,sa,,0
SDDL,eu,imports,bop,idef,sa,,1
SDDO,eu,imports,bop,cp,sa,,0
SDDR,eu,imports,bop,cvm,sa,,0
SDED,non-eu,balance,bop,cp,sa,,0
SDEF,non-eu,exports,bop,idef,sa,,1
SDEH,non-eu,exports,bop,cp,sa,,0
SDEK,non-eu,exports,bop,cvm,sa,,0
SDEX,non-eu,imports,bop,idef,sa,,1
SDEZ,non-eu,imports,bop,cp,sa,,0
SDFC,non-eu,imports,bop,cvm,sa,,0
SDFP,eu,balance,bop,cp,sa,,0
SDFR,eu,exports,bop,idef,sa,,1
SDFT,eu,exports,bop,cp,sa,,0
SDFW,eu,exports,bop,cvm,sa,,0
SDJX,eu,imports,bop,idef,sa,,1
SDJZ,eu,imports,bop,cp,sa,,0
SDKC,eu,imports,bop,cvm,sa,,0
SDKP,non-eu,balance,bop,cp,sa,,0
SDKY,non-eu,exports,bop,idef,sa,,1
SDLA,non-eu,exports,bop,cp,sa,,0
SDLE,non-eu,exports,bop,cvm,sa,,0
SDLR,non-eu,imports,bop,idef,sa,,1
SDLT,non-eu,imports,bop,cp,sa,,0
SDLW,non-eu,imports,bop,cvm,sa,,0
SDMV,eu,balance,bop,cp,sa,,0
SDNI,eu,exports,bop,cp,sa,,0
SDNM,eu,exports,bop,cvm,sa,,0
SDOY,eu,imports,bop,cp,sa,,0
SDPC,eu,imports,bop,cvm,sa,,0
SDPW,non-eu,balance,bop,cp,sa,,0
SDQL,non-eu,exports,bop,cp,sa,,0
SDQP,non-eu,exports,bop,cvm,sa,,0
SDSA,non-eu,imports,bop,cp,sa,,0
SDSE,non-eu,imports,bop,cvm,sa,,0
SDTB,eu,balance,bop,cp,sa,,0
SDTO,eu,exports,bop,cp,sa,,0
SDTS,eu,exports,bop,cvm,sa,,0
SDVA,eu,imports,bop,cp,sa,,0
SDVE,eu,imports,bop,cvm,sa,,0
SDVX,non-eu,balance,bop,cp,sa,,0
SDWK,non-eu,exports,bop,cp,sa,,0
SDWO,non-eu,exports,bop,cvm,sa,,0
SDXV,non-eu,imports,bop,cp,sa,,0
SDXZ,non-eu,imports,bop,cvm,sa,,0
SDYZ,eu,exports,bop,idef,sa,,1
SDZE,eu,exports,bop,cp,sa,,0
SDZI,eu,exports,bop,cvm,sa,,0
SEAN,eu,imports,bop,idef,sa,,1
SEAS,eu,imports,bop,cp,sa,,0
SEAW,eu,imports,bop,cvm,sa,,0
SEBY,non-eu,exports,bop,idef,sa,,1
SECD,non-eu,exports,bop,cp,sa,,0
SECH,non-eu,exports,bop,cvm,sa,,0
SEDN,non-eu,imports,bop,idef,sa,,0
SEDN,non-eu,imports,bop,idef,sa,,1
SEDS,non-eu,imports,bop,cp,sa,,0
SEDW,non-eu,imports,bop,cvm,sa,,0
SEEZ,eu,exports,bop,idef,sa,,1
SEFC,eu,exports,bop,cp,sa,,0
SEFG,eu,exports,bop,cvm,sa,,0
SEGK,eu,imports,bop,idef,sa,,1
SEGN,eu,imports,bop,cp,sa,,0
SEGR,eu,imports,bop,cvm,sa,,0
SEHR,non-eu,exports,bop,idef,sa,,1
SEHU,non-eu,exports,bop,cp,sa,,0
SEHY,non-eu,exports,bop,cvm,sa,,0
SEJD,non-eu,imports,bop,idef,sa,,1
SEJG,non-eu,imports,bop,cp,sa,,0
SEJK,non-eu,imports,bop,cvm,sa,,0
SEKO,eu,exports,bop,idef,sa,,1
SEKR,eu,exports,bop,cp,sa,,0
SEKV,eu,exports,bop,cvm,sa,,0
SELZ,eu,imports,bop,idef,sa,,1
SEMC,eu,imports,bop,cp,sa,,0
SEMG,eu,imports,bop,cvm,sa,,0
SENG,non-eu,exports,bop,idef,sa,,1
SENJ,non-eu,exports,bop,cp,sa,,0
SENN,non-eu,exports,bop,cvm,sa,,0
SEOR,non-eu,imports,bop,idef,sa,,1
SEOU,non-eu,imports,bop,cp,sa,,0
SEOY,non-eu,imports,bop,cvm,sa,,0
SESM,eu,balance,bop,cp,sa,,0
SESO,eu,exports,bop,idef,sa,,1
SESQ,eu,exports,bop,cp,sa,,0
SEST,eu,exports,bop,cvm,sa,,0
SETG,eu,imports,bop,idef,sa,,1
SETI,eu,imports,bop,cp,sa,,0
SETL,eu,imports,bop,cvm,sa,,0
SETY,non-eu,balance,bop,cp,sa,,0
SEUA,non-eu,exports,bop,idef,sa,,1
SEUC,non-eu,exports,bop,cp,sa,,0
SEUF,non-eu,exports,bop,cvm,sa,,0
SEUS,non-eu,imports,bop,idef,sa,,0
SEUS,non-eu,imports,bop,idef,sa,,1
SEUU,non-eu,imports,bop,cp,sa,,0
SEUX,non-eu,imports,bop,cvm,sa,,0
SEWA,eu,exports,bop,cvm,sa,,0
SEXL,eu,imports,bop,cvm,sa,,0
SEYS,non-eu,exports,bop,cvm,sa,,0
SFAD,non-eu,imports,bop,cvm,sa,,0
SFBD,eu,exports,bop,idef,sa,,1
SFBK,eu,exports,bop,cvm,sa,,0
SFCO,eu,imports,bop,idef,sa,,1
SFCV,eu,imports,bop,cvm,sa,,0
SFDW,non-eu,exports,bop,idef,sa,,1
SFED,non-eu,exports,bop,cvm,sa,,0
SFFH,non-eu,imports,bop,idef,sa,,1
SFFO,non-eu,imports,bop,cvm,sa,,0
SFJD,eu,balance,bop,cp,sa,,0
SFJF,eu,exports,bop,idef,sa,,1
SFJH,eu,exports,bop,cp,sa,,0
SFJK,eu,exports,bop,cvm,sa,,0
SFJY,eu,imports,bop,idef,sa,,1
SFKA,eu,imports,bop,cp,sa,,0
SFKD,eu,imports,bop,cvm,sa,,0
SFKU,non-eu,balance,bop,cp,sa,,0
SFKW,non-eu,exports,bop,idef,sa,,1
SFKY,non-eu,exports,bop,cp,sa,,0
SFLC,non-eu,exports,bop,cvm,sa,,0
SFLP,non-eu,imports,bop,idef,sa,,1
SFLR,non-eu,imports,bop,cp,sa,,0
SFLU,non-eu,imports,bop,cvm,sa,,0
SFMU,eu,exports,bop,idef,sa,,1
SFNB,eu,exports,bop,cvm,sa,,0
SFOO,eu,imports,bop,idef,sa,,1
SFOV,eu,imports,bop,cvm,sa,,0
SFPV,non-eu,exports,bop,idef,sa,,1
SFQC,non-eu,exports,bop,cvm,sa,,0
SFRG,non-eu,imports,bop,idef,sa,,1
SFRN,non-eu,imports,bop,cvm,sa,,0
SFSN,eu,exports,bop,idef,sa,,1
SFSU,eu,exports,bop,cvm,sa,,0
SFTY,eu,imports,bop,idef,sa,,1
SFUF,eu,imports,bop,cvm,sa,,0
SFVF,non-eu,exports,bop,idef,sa,,1
SFVM,non-eu,exports,bop,cvm,sa,,0
SFWQ,non-eu,imports,bop,idef,sa,,1
SFWX,non-eu,imports,bop,cvm,sa,,0
SFXX,eu,exports,bop,idef,sa,,1
SFYE,eu,exports,bop,cvm,sa,,0
SFZI,eu,imports,bop,idef,sa,,1
SFZP,eu,imports,bop,cvm,sa,,0
SGAP,non-eu,exports,bop,idef,sa,,1
SGAW,non-eu,exports,bop,cvm,sa,,0
SGCB,non-eu,imports,bop,idef,sa,,1
SGCK,non-eu,imports,bop,cvm,sa,,0
SGDL,eu,exports,bop,idef,sa,,1
SGDS,eu-2004,ex,bop,cp,sa,,0
SGDX,eu,exports,bop,cvm,sa,,0
SGFB,eu,imports,bop,idef,sa,,1
SGFE,eu-2004,im,bop,cp,sa,,0
SGFI,eu,imports,bop,cvm,sa,,0
SGFZ,non-eu-2004,balance,bop,cp,sa,,0
SGGJ,non-eu,exports,bop,idef,sa,,1
SGGM,non-eu-2004,ex,bop,cp,sa,,0
SGGQ,non-eu,exports,bop,cvm,sa,,0
SGHU,non-eu,imports,bop,idef,sa,,1
SGHX,non-eu-2004,im,bop,cp,sa,,0
SGIB,non-eu,imports,bop,cvm,sa,,0
SGLP,eu,balance,bop,cp,sa,,0
SGLR,eu,exports,bop,idef,sa,,0
SGLR,eu,exports,bop,idef,sa,,1
SGLT,eu,exports,bop,cp,sa,,0
SGLW,eu,exports,bop,cvm,sa,,0
SGMJ,eu,imports,bop,idef,sa,,0
SGMJ,eu,imports,bop,idef,sa,,1
SGML,eu,imports,bop,cp,sa,,0
SGMO,eu,imports,bop,cvm,sa,,0
SGNB,non-eu,balance,bop,cp,sa,,0
SGND,non-eu,exports,bop,idef,sa,,1
SGNF,non-eu,exports,bop,cp,sa,,0
SGNI,non-eu,exports,bop,cvm,sa,,0
SGNV,non-eu,imports,bop,idef,sa,,1
SGNX,non-eu,imports,bop,cp,sa,,0
SGOA,non-eu,imports,bop,cvm,sa,,0
SGOO,eu,balance,bop,cp,sa,,0
SGOY,eu,exports,bop,idef,sa,,1
SGPB,eu,exports,bop,cp,sa,,0
SGPF,eu,exports,bop,cvm,sa,,0
SGQJ,eu,imports,bop,idef,sa,,1
SGQM,eu,imports,bop,cp,sa,,0
SGQQ,eu,imports,bop,cvm,sa,,0
SGRK,non-eu,balance,bop,cp,sa,,0
SGRU,non-eu,exports,bop,idef,sa,,1
SGRX,non-eu,exports,bop,cp,sa,,0
SGSB,non-eu,exports,bop,cvm,sa,,0
SGTG,non-eu,imports,bop,idef,sa,,1
SGTK,non-eu,imports,bop,cp,sa,,0
SGTO,non-eu,imports,bop,cvm,sa,,0
SGUS,eu,exports,bop,idef,sa,,1
SGVA,eu,exports,bop,cvm,sa,,0
SGWH,eu,imports,bop,idef,sa,,1
SGWO,eu,imports,bop,cvm,sa,,0
SGYA,non-eu,exports,bop,idef,sa,,1
SGYH,non-eu,exports,bop,cvm,sa,,0
SGZQ,non-eu,imports,bop,idef,sa,,1
SGZX,non-eu,imports,bop,cvm,sa,,0
SHBF,eu,balance,bop,cp,sa,,0
SHBH,eu,exports,bop,idef,sa,,1
SHBJ,eu,exports,bop,cp,sa,,0
SHBM,eu,exports,bop,cvm,sa,,0
SHCA,eu,imports,bop,idef,sa,,1
SHCC,eu,imports,bop,cp,sa,,0
SHCH,eu,imports,bop,cvm,sa,,0
SHCV,non-eu,balance,bop,cp,sa,,0
SHCY,non-eu,exports,bop,idef,sa,,1
SHDA,non-eu,exports,bop,cp,sa,,0
SHDD,non-eu,exports,bop,cvm,sa,,0
SHDS,non-eu,imports,bop,idef,sa,,1
SHDU,non-eu,imports,bop,cp,sa,,0
SHDX,non-eu,imports,bop,cvm,sa,,0
SHEM,eu,exports,bop,cp,sa,,0
SHEP,eu,exports,bop,cvm,sa,,0
SHEZ,eu,imports,bop,cp,sa,,0
SHFC,eu,imports,bop,cvm,sa,,0
SHFM,non-eu,exports,bop,cp,sa,,0
SHFP,non-eu,exports,bop,cvm,sa,,0
SHFZ,non-eu,imports,bop,cp,sa,,0
SHGC,non-eu,imports,bop,cvm,sa,,0
SHGM,eu,exports,bop,cp,sa,,0
SHGP,eu,exports,bop,cvm,sa,,0
SHGZ,eu,imports,bop,cp,sa,,0
SHHC,eu,imports,bop,cvm,sa,,0
SHHM,non-eu,exports,bop,cp,sa,,0
SHHP,non-eu,exports,bop,cvm,sa,,0
SHHZ,non-eu,imports,bop,cp,sa,,0
SHIC,non-eu,imports,bop,cvm,sa,,0
SHIN,eu,exports,bop,cp,sa,,0
SHIQ,eu,exports,bop,cvm,sa,,0
SHJB,eu,imports,bop,cp,sa,,0
SHJE,eu,imports,bop,cvm,sa,,0
SHJO,non-eu,exports,bop,cp,sa,,0
SHJR,non-eu,exports,bop,cvm,sa,,0
SHKB,non-eu,imports,bop,cp,sa,,0
SHKE,non-eu,imports,bop,cvm,sa,,0
SHKQ,eu-2004,ex,bop,cp,sa,,0
SHKT,eu,exports,bop,cvm,sa,,0
SHLD,eu-2004,im,bop,cp,sa,,0
SHLG,eu,imports,bop,cvm,sa,,0
SHLQ,non-eu-2004,ex,bop,cp,sa,,0
SHLT,non-eu,exports,bop,cvm,sa,,0
SHMD,non-eu-2004,im,bop,cp,sa,,0
SHMG,non-eu,imports,bop,cvm,sa,,0
SHMT,eu,exports,bop,cvm,sa,,0
SHNG,eu,imports,bop,cvm,sa,,0
SHNT,non-eu,exports,bop,cvm,sa,,0
SHOG,non-eu,imports,bop,cvm,sa,,0
SHOT,eu,exports,bop,cvm,sa,,0
SHPG,eu,imports,bop,cvm,sa,,0
SHPU,non-eu,exports,bop,cvm,sa,,0
SHQH,non-eu,imports,bop,cvm,sa,,0
SHRQ,eu,exports,bop,cvm,sa,,0
SHSE,eu,imports,bop,cvm,sa,,0
SHSR,non-eu,exports,bop,cvm,sa,,0
SHTJ,non-eu,imports,bop,cvm,sa,,0
SHTV,eu-2004,ex,bop,cp,sa,,0
SHTY,eu,exports,bop,cvm,sa,,0
SHUW,eu-2004,im,bop,cp,sa,,0
SHVD,eu,imports,bop,cvm,sa,,0
SHVS,non-eu-2004,ex,bop,cp,sa,,0
SHVV,non-eu,exports,bop,cvm,sa,,0
SHWF,non-eu-2004,im,bop,cp,sa,,0
SHWI,non-eu,imports,bop,cvm,sa,,0
SHWY,eu,exports,bop,cvm,sa,,0
SHXL,eu,imports,bop,cvm,sa,,0
SHYC,non-eu,exports,bop,cvm,sa,,0
SHYS,non-eu,imports,bop,cvm,sa,,0
SHZF,eu,exports,bop,cvm,sa,,0
SHZZ,eu,imports,bop,cvm,sa,,0
SIAM,non-eu,exports,bop,cvm,sa,,0
SIAZ,non-eu,imports,bop,cvm,sa,,0
SIBM,eu,exports,bop,cvm,sa,,0
SIBZ,eu,imports,bop,cvm,sa,,0
SICM,non-eu,exports,bop,cvm,sa,,0
SICZ,non-eu,imports,bop,cvm,sa,,0
SIFU,eu,exports,bop,cp,sa,,0
SIFX,eu,exports,bop,cvm,sa,,0
SIGH,eu,imports,bop,cp,sa,,0
SIGK,eu,imports,bop,cvm,sa,,0
SIGU,non-eu,exports,bop,cp,sa,,0
SIGX,non-eu,exports,bop,cvm,sa,,0
SIHH,non-eu,imports,bop,cp,sa,,0
SIHK,non-eu,imports,bop,cvm,sa,,0
SIHU,eu,balance,bop,cp,sa,,0
SIHW,eu,exports,bop,idef,sa,,1
SIHY,eu,exports,bop,cp,sa,,0
SIIB,eu,exports,bop,cvm,sa,,0
SIIO,eu,imports,bop,idef,sa,,1
SIIQ,eu,imports,bop,cp,sa,,0
SIIT,eu,imports,bop,cvm,sa,,0
SIJG,non-eu,balance,bop,cp,sa,,0
SIJI,non-eu,exports,bop,idef,sa,,1
SIJK,non-eu,exports,bop,cp,sa,,0
SIJN,non-eu,exports,bop,cvm,sa,,0
SIKA,non-eu,imports,bop,idef,sa,,1
SIKC,non-eu,imports,bop,cp,sa,,0
SIKF,non-eu,imports,bop,cvm,sa,,0
SIKS,eu-2004,ex,bop,cp,sa,,0
SIKV,eu,exports,bop,cvm,sa,,0
SILF,eu-2004,im,bop,cp,sa,,0
SILI,eu,imports,bop,cvm,sa,,0
SILS,non-eu-2004,ex,bop,cp,sa,,0
SILV,non-eu,exports,bop,cvm,sa,,0
SIMF,non-eu-2004,im,bop,cp,sa,,0
SIMI,non-eu,imports,bop,cvm,sa,,0
SIMX,eu,exports,bop,cvm,sa,,0
SINK,eu,imports,bop,cvm,sa,,0
SINY,non-eu,exports,bop,cvm,sa,,0
SIOL,non-eu,imports,bop,cvm,sa,,0
SIOY,eu,exports,bop,cvm,sa,,0
SIPL,eu,imports,bop,cvm,sa,,0
SIPY,non-eu,exports,bop,cvm,sa,,0
SIQL,non-eu,imports,bop,cvm,sa,,0
SIQV,eu,ex,bop,cp,sa,,0
SIQY,eu,exports,bop,cvm,sa,,0
SIRI,eu,im,bop,cp,sa,,0
SIRL,eu,imports,bop,cvm,sa,,0
SIRV,rw,ex,bop,cp,sa,,0
SIRY,non-eu,exports,bop,cvm,sa,,0
SISI,rw,im,bop,cp,sa,,0
SISL,non-eu,imports,bop,cvm,sa,,0
SISY,eu,exports,bop,cvm,sa,,0
SITL,eu,imports,bop,cvm,sa,,0
SITY,non-eu,exports,bop,cvm,sa,,0
SIUL,non-eu,imports,bop,cvm,sa,,0
SIVG,eu,exports,bop,cvm,sa,,0
SIVT,eu,imports,bop,cvm,sa,,0
SIWG,non-eu,exports,bop,cvm,sa,,0
SIWT,non-eu,imports,bop,cvm,sa,,0
SIXG,eu,exports,bop,cvm,sa,,0
SIXT,eu,imports,bop,cvm,sa,,0
SIYG,non-eu,exports,bop,cvm,sa,,0
SIYT,non-eu,imports,bop,cvm,sa,,0
SIZE,eu,exports,bop,idef,sa,,1
SIZJ,eu,exports,bop,cvm,sa,,0
SIZW,eu,imports,bop,idef,sa,,1
SJAB,eu,imports,bop,cvm,sa,,0
SJAP,non-eu,exports,bop,idef,sa,,1
SJAV,non-eu,exports,bop,cvm,sa,,0
SJBI,non-eu,imports,bop,idef,sa,,1
SJBN,non-eu,imports,bop,cvm,sa,,0
SJCI,eu,exports,bop,cvm,sa,,0
SJCV,eu,imports,bop,cvm,sa,,0
SJDK,non-eu,exports,bop,cvm,sa,,0
SJDY,non-eu,imports,bop,cvm,sa,,0
SJEL,eu,exports,bop,cvm,sa,,0
SJEZ,eu,imports,bop,cvm,sa,,0
SJFN,non-eu,exports,bop,cvm,sa,,0
SJGA,non-eu,imports,bop,cvm,sa,,0
SJGO,eu,exports,bop,cvm,sa,,0
SJHB,eu,imports,bop,cvm,sa,,0
SJIA,non-eu,exports,bop,cvm,sa,,0
SJIO,non-eu,imports,bop,cvm,sa,,0
SJJB,eu,exports,bop,cvm,sa,,0
SJJO,eu,imports,bop,cvm,sa,,0
SJKC,non-eu,exports,bop,cvm,sa,,0
SJKP,non-eu,imports,bop,cvm,sa,,0
SJLC,eu,exports,bop,cvm,sa,,0
SJLP,eu,imports,bop,cvm,sa,,0
SJMC,non-eu,exports,bop,cvm,sa,,0
SJMP,non-eu,imports,bop,cvm,sa,,0
SJNC,eu,exports,bop,cvm,sa,,0
SJNP,eu,imports,bop,cvm,sa,,0
SJOC,non-eu,exports,bop,cvm,sa,,0
SJOP,non-eu,imports,bop,cvm,sa,,0
SJPE,eu,exports,bop,cvm,sa,,0
SJPR,eu,imports,bop,cvm,sa,,0
SJQE,non-eu,exports,bop,cvm,sa,,0
SJQR,non-eu,imports,bop,cvm,sa,,0
SJRE,eu,exports,bop,cvm,sa,,0
SJRR,eu,imports,bop,cvm,sa,,0
SJSE,non-eu,exports,bop,cvm,sa,,0
SJSR,non-eu,imports,bop,cvm,sa,,0
SJTE,eu,exports,bop,cvm,sa,,0
SJTR,eu,imports,bop,cvm,sa,,0
SJUE,non-eu,exports,bop,cvm,sa,,0
SJUR,non-eu,imports,bop,cvm,sa,,0
SJVF,eu,exports,bop,cvm,sa,,0
SJVS,eu,imports,bop,cvm,sa,,0
SJWP,non-eu,exports,bop,cvm,sa,,0
SJXD,non-eu,imports,bop,cvm,sa,,0
SJXQ,eu,exports,bop,cvm,sa,,0
SJYK,eu,imports,bop,cvm,sa,,0
SJYX,non-eu,exports,bop,cvm,sa,,0
SJZO,non-eu,imports,bop,cvm,sa,,0
SKAE,eu,exports,bop,cvm,sa,,0
SKAR,eu,imports,bop,cvm,sa,,0
SKBH,non-eu,exports,bop,cvm,sa,,0
SKBU,non-eu,imports,bop,cvm,sa,,0
SKNT,eu,exports,bop,cvm,sa,,0
SKOG,eu,imports,bop,cvm,sa,,0
SKOT,non-eu,exports,bop,cvm,sa,,0
SKPG,non-eu,imports,bop,cvm,sa,,0
SKPT,eu,exports,bop,cvm,sa,,0
SKQG,eu,imports,bop,cvm,sa,,0
SKQT,non-eu,exports,bop,cvm,sa,,0
SKRG,non-eu,imports,bop,cvm,sa,,0
SKRT,eu,exports,bop,cvm,sa,,0
SKSG,eu,imports,bop,cvm,sa,,0
SKST,non-eu,exports,bop,cvm,sa,,0
SKTG,non-eu,imports,bop,cvm,sa,,0
SKTY,eu,exports,bop,idef,sa,,1
SKUB,eu,exports,bop,cp,sa,,0
SKUF,eu,exports,bop,cvm,sa,,0
SKVJ,eu,imports,bop,idef,sa,,1
SKVM,eu,imports,bop,cp,sa,,0
SKVQ,eu,imports,bop,cvm,sa,,0
SKWQ,non-eu,exports,bop,idef,sa,,1
SKWT,non-eu,exports,bop,cp,sa,,0
SKWX,non-eu,exports,bop,cvm,sa,,0
SKYG,non-eu,imports,bop,idef,sa,,1
SKYJ,non-eu,imports,bop,cp,sa,,0
SKYN,non-eu,imports,bop,cvm,sa,,0
SKZI,eu,exports,bop,cvm,sa,,0
SKZV,eu,imports,bop,cvm,sa,,0
SLAI,non-eu,exports,bop,cvm,sa,,0
SLAV,non-eu,imports,bop,cvm,sa,,0
SLBF,eu,exports,bop,cp,sa,,0
SLBI,eu,exports,bop,cvm,sa,,0
SLBS,eu,imports,bop,cp,sa,,0
SLBV,eu,imports,bop,cvm,sa,,0
SLCF,non-eu,exports,bop,cp,sa,,0
SLCI,non-eu,exports,bop,cvm,sa,,0
SLCS,non-eu,imports,bop,cp,sa,,0
SLCV,non-eu,imports,bop,cvm,sa,,0
SLDI,eu,exports,bop,cvm,sa,,0
SLDV,eu,imports,bop,cvm,sa,,0
SLEI,non-eu,exports,bop,cvm,sa,,0
SLEV,non-eu,imports,bop,cvm,sa,,0
SLFI,eu,exports,bop,cvm,sa,,0
SLFV,eu,imports,bop,cvm,sa,,0
SLGI,non-eu,exports,bop,cvm,sa,,0
SLGV,non-eu,imports,bop,cvm,sa,,0
SLHI,eu,exports,bop,cvm,sa,,0
SLHV,eu,imports,bop,cvm,sa,,0
SLII,non-eu,exports,bop,cvm,sa,,0
SLIV,non-eu,imports,bop,cvm,sa,,0
SLJO,eu,exports,bop,cvm,sa,,0
SLKB,eu,imports,bop,cvm,sa,,0
SLKP,non-eu,exports,bop,cvm,sa,,0
SLLC,non-eu,imports,bop,cvm,sa,,0
SLLP,eu,exports,bop,cvm,sa,,0
SLMD,eu,imports,bop,cvm,sa,,0
SLMQ,non-eu,exports,bop,cvm,sa,,0
SLNG,non-eu,imports,bop,cvm,sa,,0
SLNZ,eu,exports,bop,cvm,sa,,0
SLPM,eu,imports,bop,cvm,sa,,0
SLQA,non-eu,exports,bop,cvm,sa,,0
SLQN,non-eu,imports,bop,cvm,sa,,0
SLRH,eu,exports,bop,cvm,sa,,0
SLRU,eu,imports,bop,cvm,sa,,0
SLSN,non-eu,exports,bop,cvm,sa,,0
SLTB,non-eu,imports,bop,cvm,sa,,0
SLTO,eu,exports,bop,cvm,sa,,0
SLUE,eu,imports,bop,cvm,sa,,0
SLUR,non-eu,exports,bop,cvm,sa,,0
SLVE,non-eu,imports,bop,cvm,sa,,0
SLVS,eu,exports,bop,cvm,sa,,0
SLWF,eu,imports,bop,cvm,sa,,0
SLWS,non-eu,exports,bop,cvm,sa,,0
SLXF,non-eu,imports,bop,cvm,sa,,0
SLXS,eu,exports,bop,cvm,sa,,0
SLYF,eu,imports,bop,cvm,sa,,0
SLYS,non-eu,exports,bop,cvm,sa,,0
SLZF,non-eu,imports,bop,cvm,sa,,0
SLZS,eu,exports,bop,cvm,sa,,0
SMAF,eu,imports,bop,cvm,sa,,0
SMAS,non-eu,exports,bop,cvm,sa,,0
SMBF,non-eu,imports,bop,cvm,sa,,0
SMBS,eu,exports,bop,cvm,sa,,0
SMCF,eu,imports,bop,cvm,sa,,0
SMCS,non-eu,exports,bop,cvm,sa,,0
SMDF,non-eu,imports,bop,cvm,sa,,0
SMDS,eu,exports,bop,cvm,sa,,0
SMEF,eu,imports,bop,cvm,sa,,0
SMES,non-eu,exports,bop,cvm,sa,,0
SMFF,non-eu,imports,bop,cvm,sa,,0
SMFS,eu,exports,bop,cvm,sa,,0
SMGF,eu,imports,bop,cvm,sa,,0
SMGS,non-eu,exports,bop,cvm,sa,,0
SMHF,non-eu,imports,bop,cvm,sa,,0
SMIQ,eu,exports,bop,cp,sa,,0
SMIT,eu,exports,bop,cvm,sa,,0
SMJD,eu,imports,bop,cp,sa,,0
SMJG,eu,imports,bop,cvm,sa,,0
SMJR,non-eu,exports,bop,cp,sa,,0
SMJU,non-eu,exports,bop,cvm,sa,,0
SMKE,non-eu,imports,bop,cp,sa,,0
SMKH,non-eu,imports,bop,cvm,sa,,0
SMLW,eu,exports,bop,cp,sa,,0
SMLZ,eu,exports,bop,cvm,sa,,0
SMMJ,eu,imports,bop,cp,sa,,0
SMMM,eu,imports,bop,cvm,sa,,0
SMMZ,non-eu,exports,bop,cp,sa,,0
SMNC,non-eu,exports,bop,cvm,sa,,0
SMNM,non-eu,imports,bop,cp,sa,,0
SMNP,non-eu,imports,bop,cvm,sa,,0
SMPY,eu,exports,bop,cvm,sa,,0
SMQL,eu,imports,bop,cvm,sa,,0
SMQY,non-eu,exports,bop,cvm,sa,,0
SMRL,non-eu,imports,bop,cvm,sa,,0
SMRV,eu-2004,ex,bop,cp,sa,,0
SMRY,eu,exports,bop,cvm,sa,,0
SMSI,eu-2004,im,bop,cp,sa,,0
SMSL,eu,imports,bop,cvm,sa,,0
SMSV,non-eu-2004,ex,bop,cp,sa,,0
SMSY,non-eu,exports,bop,cvm,sa,,0
SMTI,non-eu-2004,im,bop,cp,sa,,0
SMTL,non-eu,imports,bop,cvm,sa,,0
SMUJ,eu,exports,bop,cp,sa,,0
SMUM,eu,exports,bop,cvm,sa,,0
SMUW,eu,imports,bop,cp,sa,,0
SMUZ,eu,imports,bop,cvm,sa,,0
SMVJ,non-eu,exports,bop,cp,sa,,0
SMVM,non-eu,exports,bop,cvm,sa,,0
SMVW,non-eu,imports,bop,cp,sa,,0
SMVZ,non-eu,imports,bop,cvm,sa,,0
SMWM,eu,exports,bop,cvm,sa,,0
SMWZ,eu,imports,bop,cvm,sa,,0
SMXM,non-eu,exports,bop,cvm,sa,,0
SMXZ,non-eu,imports,bop,cvm,sa,,0
SMYM,eu,exports,bop,cvm,sa,,0
SMYZ,eu,imports,bop,cvm,sa,,0
SMZM,non-eu,exports,bop,cvm,sa,,0
SNAA,non-eu,imports,bop,cvm,sa,,0
WMCX,bulgaria,balance,bop,cp,sa,,0
WMDB,romania,exports,bop,cp,sa,,0
WMDC,romania,imports,bop,cp,sa,,0
WMDG,romania,balance,bop,cp,sa,,0
WYUF,bulgaria,exports,bop,cp,sa,,0
WYUT,bulgaria,imports,bop,cp,sa,,0
